artist,album,track_number,track_name,track_id
Taylor Swift,Lover,1,I Forgot That You Existed,43rA71bccXFGD4C8GOpIlN
Taylor Swift,Lover,2,Cruel Summer,1BxfuPKGuaTgP7aM0Bbdwr
Taylor Swift,Lover,3,Lover,1dGr1c8CrMLDpV6mPbImSI
Taylor Swift,Lover,4,The Man,3RauEVgRgj1IuWdJ9fDs70
Taylor Swift,Lover,5,The Archer,3pHkh7d0lzM2AldUtz2x37
Taylor Swift,Lover,6,I Think He Knows,2YWtcWi3a83pdEg3Gif4Pd
Taylor Swift,Lover,7,Miss Americana & The Heartbreak Prince,214nt20w5wOxJnY462klLw
Taylor Swift,Lover,8,Paper Rings,4y5bvROuBDPr5fuwXbIBZR
Taylor Swift,Lover,9,Cornelia Street,12M5uqx0ZuwkpLp5rJim1a
Taylor Swift,Lover,10,Death By A Thousand Cuts,2dgFqt3w9xIQRjhPtwNk3D
Taylor Swift,Lover,11,London Boy,1LLXZFeAHK9R4xUramtUKw
Taylor Swift,Lover,12,Soon You’ll Get Better (feat. Dixie Chicks),4AYtqFyFbX0Xkc2wtcygTr
Taylor Swift,Lover,13,False God,5hQSXkFgbxjZo9uCwd11so
Taylor Swift,Lover,14,You Need To Calm Down,6RRNNciQGZEXnqk8SQ9yv5
Taylor Swift,Lover,15,Afterglow,1SymEzIT3H8UZfibCs3TYi
Taylor Swift,Lover,16,ME! (feat. Brendon Urie of Panic! At The Disco),2Rk4JlNc2TPmZe2af99d45
Taylor Swift,Lover,17,It’s Nice To Have A Friend,1SmiQ65iSAbPto6gPFlBYm
Taylor Swift,Lover,18,Daylight,1fzAuUVbzlhZ1lJAx9PtY6
Post Malone,Hollywood's Bleeding,1,Hollywood's Bleeding,7sWRlDoTDX8geTR8zzr2vt
Post Malone,Hollywood's Bleeding,2,Saint-Tropez,05mDaV9Vb3wrzjF6OPZnhq
Post Malone,Hollywood's Bleeding,3,Enemies (feat. DaBaby),0Xek5rqai2jcOWCYWJfVCF
Post Malone,Hollywood's Bleeding,4,Allergic,1YscJ7yVTlFxW3eF6pv5ba
Post Malone,Hollywood's Bleeding,5,A Thousand Bad Times,2J0NXdHr6MYvKDSxB7k3V2
Post Malone,Hollywood's Bleeding,6,Circles,21jGcNKet2qwijlDFuPiPb
Post Malone,Hollywood's Bleeding,7,Die For Me (feat. Future & Halsey),2C6WXnmZ66tHhHlnvwePiK
Post Malone,Hollywood's Bleeding,8,On The Road (feat. Meek Mill & Lil Baby),12Fkyg9lpmaz2zmKOfw2Y2
Post Malone,Hollywood's Bleeding,9,Take What You Want (feat. Ozzy Osbourne & Travis Scott),7CZyCXKG6d5ALeq41sLzbw
Post Malone,Hollywood's Bleeding,10,I'm Gonna Be,1ckLp8lCl8LipXI0ypX72m
Post Malone,Hollywood's Bleeding,11,Staring At The Sun (feat. SZA),5KE9b4x7Zj2A8XtbkqhqTe
Post Malone,Hollywood's Bleeding,12,Sunflower - Spider-Man: Into the Spider-Verse,0RiRZpuVRbi7oqRdSMwhQY
Post Malone,Hollywood's Bleeding,13,Internet,0KAzP1Rbp0Vz5pw8i1KDDI
Post Malone,Hollywood's Bleeding,14,Goodbyes (feat. Young Thug),0t3ZvGKlmYmVsDzBJAXK8C
Post Malone,Hollywood's Bleeding,15,Myself,2cvOfKHOHgwQlLiuLKP2xR
Post Malone,Hollywood's Bleeding,16,I Know,6b2mfHMqWCA74XmUuVJm8r
Post Malone,Hollywood's Bleeding,17,Wow.,7xQAfvXzm3AkraOtGPWIZg
Kanye West,JESUS IS KING,1,Every Hour,1WnqWQcWcuQbVzgE7ecfCY
Kanye West,JESUS IS KING,2,Selah,39JRmdKFka1Oe09FoOCPI4
Kanye West,JESUS IS KING,3,Follow God,2QpGZOhTCHHiKmpSO9FW4h
Kanye West,JESUS IS KING,4,Closed On Sunday,3JWiDGQX2eTlFvKj3Yssj3
Kanye West,JESUS IS KING,5,On God,2SasoXZyv82yYgHiVOvxQn
Kanye West,JESUS IS KING,6,Everything We Need,24bnCCysWnbNRNUT4LpHcP
Kanye West,JESUS IS KING,7,Water,454Epa1vrCGFddHXKyC1kb
Kanye West,JESUS IS KING,8,God Is,6xRWoYwfwIKnT8bQGzKbxR
Kanye West,JESUS IS KING,9,Hands On,7r6aR2f57resC5r93LwMfK
Kanye West,JESUS IS KING,10,Use This Gospel,0oPOuDmmkVp3h6puekhs6P
Kanye West,JESUS IS KING,11,Jesus Is Lord,7sBgFMWqDWQgrsNSpIBoe8
Luke Combs,What You See Is What You Get,1,Beer Never Broke My Heart,3RzcoFkZ0AOp2nH71jP504
Luke Combs,What You See Is What You Get,2,Refrigerator Door,1rLhKgfBTu7qGEz98IpQxo
Luke Combs,What You See Is What You Get,3,Even Though I'm Leaving,5aZQrb2TXWEh9uZR4HEY3r
Luke Combs,What You See Is What You Get,4,Lovin' On You,2AxR3AIQxTf6xjxrb9UkH2
Luke Combs,What You See Is What You Get,5,Moon Over Mexico,54QmQd9Nc2EUDha6dD8V9X
Luke Combs,What You See Is What You Get,6,"1, 2 Many",6pgN3d6oBrhmrSAKBfWNsf
Luke Combs,What You See Is What You Get,7,Blue Collar Boys,0KtxdSPi1ZbDc3wwD2IGF0
Luke Combs,What You See Is What You Get,8,New Every Day,5NwCPmFHJAoKe0PSw2ltJD
Luke Combs,What You See Is What You Get,9,Reasons,4T6QFouj6rIQObxgwt9ELL
Luke Combs,What You See Is What You Get,10,Every Little Bit Helps,3APKvzQ6xiu7Fcu9Y1EKni
Luke Combs,What You See Is What You Get,11,Dear Today,7j3aRaky6Xr1fpuqmB3s4w
Luke Combs,What You See Is What You Get,12,What You See Is What You Get,1xIgz2QjA85ZpXiIoj6mMo
Luke Combs,What You See Is What You Get,13,Does To Me (feat. Eric Church),17TSJlshgQ5zu0e8dedAla
Luke Combs,What You See Is What You Get,14,Angels Workin' Overtime,7dRPUAYfMGZmZ7L3fZAJKp
Luke Combs,What You See Is What You Get,15,All Over Again,0bNVNlZSHj3xSuMJWfzxuT
Luke Combs,What You See Is What You Get,16,Nothing Like You,5ppDdMho96v8gdDm7HKEbK
Luke Combs,What You See Is What You Get,17,Better Together,1tSGw3h54aHModEHHL1HGK
Khalid,Free Spirit,1,Intro,5BfMJ6iytQnu1r7iiCYSXe
Khalid,Free Spirit,2,Bad Luck,2vsuel3g4zaLYSOY0mOMbi
Khalid,Free Spirit,3,My Bad,2XKFnwB6djxrJCjR3PdeRb
Khalid,Free Spirit,4,Better,339Y993TrFyWyO438be0RY
Khalid,Free Spirit,5,Talk (feat. Disclosure),6TqXcAFInzjp0bODyvrWEq
Khalid,Free Spirit,6,Right Back,5A1w94uzc1kO1Zhe8WWxC3
Khalid,Free Spirit,7,Don't Pretend (feat. SAFE),1E6DEDWDKHoOW0fcFuDghV
Khalid,Free Spirit,8,Paradise,6fOOKqQWcSy33ApU1wqkkW
Khalid,Free Spirit,9,Hundred,0HEckRWFSknIupbGzavk5d
Khalid,Free Spirit,10,Outta My Head (with John Mayer),09oZ9eXQ2fo6YDrPzJqAoP
Khalid,Free Spirit,11,Free Spirit,2kAIpGWnlFLQh48iut6Zzq
Khalid,Free Spirit,12,Twenty One,1NgCWYuBLfqBDA3b8MgSVU
Khalid,Free Spirit,13,Bluffin',42w7pX3r1TpLR0i55Ek5ND
Khalid,Free Spirit,14,Self,1WqLtczgKdbHFHhefOU0y7
Khalid,Free Spirit,15,Alive,12VqHHz4wvVcnEdSivjLeQ
Khalid,Free Spirit,16,Heaven,0Hgqglypzt6Qs5Duqskcqs
Khalid,Free Spirit,17,Saturday Nights,1fHRzxbts9A8J1ergDe7Kz
Jonas Brothers,Happiness Begins,1,Sucker,22vgEDb5hykfaTwLuskFGD
Jonas Brothers,Happiness Begins,2,Cool,7yfi8B8opXjnRh4VZnOkz9
Jonas Brothers,Happiness Begins,3,Only Human,0DiDStADDVh3SvAsoJAFMk
Jonas Brothers,Happiness Begins,4,I Believe,1vYh9x8UmFTLbXiizk9Qc5
Jonas Brothers,Happiness Begins,5,Used To Be,2n6red10oCd6YhlEUp6jXy
Jonas Brothers,Happiness Begins,6,Every Single Time,76F54HHrw84yqAYqrAJkbr
Jonas Brothers,Happiness Begins,7,Don't Throw it Away,24eP9hGnGR6RCQvllQVkCm
Jonas Brothers,Happiness Begins,8,Love Her,2hgk8iKN9UdoM4ILlJ9F5N
Jonas Brothers,Happiness Begins,9,Happy When I'm Sad,6DibqiBTKMob2SjBwKqRfS
Jonas Brothers,Happiness Begins,10,Trust,5MoU7TaAvgBa8W0XVwXAd7
Jonas Brothers,Happiness Begins,11,Strangers,5md87aD3pGXRghKUbZdyh8
Jonas Brothers,Happiness Begins,12,Hesitate,7fiFJADUcHwTdYLmnZeLAy
Jonas Brothers,Happiness Begins,13,Rollercoaster,7dxKdQC9Vo1hDxIUnt1z0Q
Jonas Brothers,Happiness Begins,14,Comeback,064tgRK6FYBwikCdxaHFV1
BTS,MAP OF THE SOUL : PERSONA,1,Intro : Persona,2isSdmQfVv32j2haL6hk9x
BTS,MAP OF THE SOUL : PERSONA,2,Boy With Luv (feat. Halsey),5KawlOMHjWeUjQtnuRs22c
BTS,MAP OF THE SOUL : PERSONA,3,Mikrokosmos,5hnbE5BF2e8BCk9OMR1UVC
BTS,MAP OF THE SOUL : PERSONA,4,Make It Right,6KUE0HSSudAp9AOycaF6SH
BTS,MAP OF THE SOUL : PERSONA,5,HOME,7lthOBXNue2IvedLRfkod8
BTS,MAP OF THE SOUL : PERSONA,6,Jamais Vu,0eeeyCAGnGZInPtpkdYiPa
BTS,MAP OF THE SOUL : PERSONA,7,Dionysus,6JdS5rJvJaRA7B1tcm7kxZ
Shawn Mendes,Shawn Mendes (Deluxe),1,Señorita,6v3KW9xbzN5yKLt9YKDYA2
Shawn Mendes,Shawn Mendes (Deluxe),2,Lost In Japan,0TFpGNlWslRQO4oyTtJq6K
Shawn Mendes,Shawn Mendes (Deluxe),3,If I Can't Have You,2bT1PH7Cw3J9p3t7nlXCdh
Shawn Mendes,Shawn Mendes (Deluxe),4,In My Blood,2SFnIqRWyHt9MUNeXkykii
Shawn Mendes,Shawn Mendes (Deluxe),5,Fallin' All In You,49u62ZMTXz91U8V4uXaJ4q
Shawn Mendes,Shawn Mendes (Deluxe),6,Where Were You In The Morning?,2UCYrYM83sowbj1OG6qsVn
Shawn Mendes,Shawn Mendes (Deluxe),7,Nervous,3J3AQ7NSo0p3RX8U2gnC4v
Shawn Mendes,Shawn Mendes (Deluxe),8,Like To Be You (feat. Julia Michaels),5VQBZPF4L2VrR7aMfAdRq3
Shawn Mendes,Shawn Mendes (Deluxe),9,Particular Taste,3isPczLtjVuERmr5hpSvIl
Shawn Mendes,Shawn Mendes (Deluxe),10,Because I Had You,1RL042HeY9ln1Bwu2ODyJJ
Shawn Mendes,Shawn Mendes (Deluxe),11,Why,6oZk0lzaP7RcwKjyZrIJBV
Shawn Mendes,Shawn Mendes (Deluxe),12,Youth (feat. Khalid),5cWIKVqSpJQiRmG59sfii5
Shawn Mendes,Shawn Mendes (Deluxe),13,Perfectly Wrong,1UWbBNuBIB9wYg82aaWRvN
Shawn Mendes,Shawn Mendes (Deluxe),14,Mutual,2d3zTjEWyOzKDPOLjDSRlR
Shawn Mendes,Shawn Mendes (Deluxe),15,Queen,2eKH2typXktOBTgWrOHnni
Shawn Mendes,Shawn Mendes (Deluxe),16,When You're Ready,2s6BVlw41U03QdFaMeT5FQ
Ariana Grande,"thank u, next",1,imagine,39LmTF9RgyakzSYX8txrow
Ariana Grande,"thank u, next",2,needy,1TEL6MlSSVLSdhOSddidlJ
Ariana Grande,"thank u, next",3,NASA,4uTvPEr01pjTbZgl7jcKBD
Ariana Grande,"thank u, next",4,bloodline,2hloaUoRonYssMuqLCBLTX
Ariana Grande,"thank u, next",5,fake smile,3wFLWP0FcIqHK1wb1CPthQ
Ariana Grande,"thank u, next",6,bad idea,5Il6Oe7lr5XM7A0cWbVQtr
Ariana Grande,"thank u, next",7,make up,27356GVuMPFWiJSZCragoM
Ariana Grande,"thank u, next",8,ghostin,2vdBo4ALPYbHRUPKgtE5iC
Ariana Grande,"thank u, next",9,in my head,4T652DlATVHe0jdLKaN3Bw
Ariana Grande,"thank u, next",10,7 rings,6ocbgoVGwYJhOv1GgI9NsF
Ariana Grande,"thank u, next",11,"thank u, next",3e9HZxeyfWwjeyPAMmWSSQ
Ariana Grande,"thank u, next",12,"break up with your girlfriend, i'm bored",4kV4N9D1iKVxx1KLvtTpjS
Lil Tecca,We Love You Tecca,1,Ransom,6EOKwHETwSkZ9gW2b6ASE0
Lil Tecca,We Love You Tecca,2,Shots,5xjei7JnROsAzLY2a7RdZU
Lil Tecca,We Love You Tecca,3,Sidenote,17rhhpDU4Da35Vk9jXeHS0
Lil Tecca,We Love You Tecca,4,Did It Again,6alCTRgBPoeAFi2N4il9Q4
Lil Tecca,We Love You Tecca,5,Out Of Luck,2ZGvw7BpnUHG89yt8fNxH7
Lil Tecca,We Love You Tecca,6,"Left, Right",0HJvoOkpflwYJb21VkTmGD
Lil Tecca,We Love You Tecca,7,Bossanova,1FUVCa49nKsPRuznGVrIFY
Lil Tecca,We Love You Tecca,8,Amigo,6qWSHYcZEvE0MIcH2WmB23
Lil Tecca,We Love You Tecca,9,Phenom,56Jd7sjIDm2wT3T9tyMiX7
Lil Tecca,We Love You Tecca,10,Weatherman,2bc19Bhbt9FCkvgWPT1IHL
Lil Tecca,We Love You Tecca,11,DUI,7Jl7a1UvWslTea6gA4vTjw
Lil Tecca,We Love You Tecca,12,Love Me,3TLwAp3uX1nKsVxrDhNPOL
Lil Tecca,We Love You Tecca,13,Molly Girl,58neYWG7UyoQI0IC8lhfP5
Lil Tecca,We Love You Tecca,14,The Score,1TDPszDpH1AZKlAPhdL4gH
Lil Tecca,We Love You Tecca,15,Senorita,3eRUV5XlsGW72Q7hcneLpY
Lil Tecca,We Love You Tecca,16,Count Me Out,3nZxBgflsmuhfRQ74Q9Mbd
Lil Tecca,We Love You Tecca,17,Ransom (with Juice WRLD) - Remix,0DZJACISivjWjscIp5Kg1q
Billie Eilish,"WHEN WE ALL FALL ASLEEP, WHERE DO WE GO?",1,!!!!!!!,0rQtoQXQfwpDW0c7Fw1NeM
Billie Eilish,"WHEN WE ALL FALL ASLEEP, WHERE DO WE GO?",2,bad guy,2Fxmhks0bxGSBdJ92vM42m
Billie Eilish,"WHEN WE ALL FALL ASLEEP, WHERE DO WE GO?",3,xanny,4QIo4oxwzzafcBWkKjDpXY
Billie Eilish,"WHEN WE ALL FALL ASLEEP, WHERE DO WE GO?",4,you should see me in a crown,3XF5xLJHOQQRbWya6hBp7d
Billie Eilish,"WHEN WE ALL FALL ASLEEP, WHERE DO WE GO?",5,all the good girls go to hell,6IRdLKIyS4p7XNiP8r6rsx
Billie Eilish,"WHEN WE ALL FALL ASLEEP, WHERE DO WE GO?",6,wish you were gay,3Fj47GNK2kUF0uaEDgXLaD
Billie Eilish,"WHEN WE ALL FALL ASLEEP, WHERE DO WE GO?",7,when the party's over,43zdsphuZLzwA9k4DJhU0I
Billie Eilish,"WHEN WE ALL FALL ASLEEP, WHERE DO WE GO?",8,8,6X29iaaazwho3ab7GNue5r
Billie Eilish,"WHEN WE ALL FALL ASLEEP, WHERE DO WE GO?",9,my strange addiction,3Tc57t9l2O8FwQZtQOvPXK
Billie Eilish,"WHEN WE ALL FALL ASLEEP, WHERE DO WE GO?",10,bury a friend,4SSnFejRGlZikf02HLewEF
Billie Eilish,"WHEN WE ALL FALL ASLEEP, WHERE DO WE GO?",11,ilomilo,7qEKqBCD2vE5vIBsrUitpD
Billie Eilish,"WHEN WE ALL FALL ASLEEP, WHERE DO WE GO?",12,listen before i go,0tMSssfxAL2oV8Vri0mFHE
Billie Eilish,"WHEN WE ALL FALL ASLEEP, WHERE DO WE GO?",13,i love you,6CcJMwBtXByIz4zQLzFkKc
Billie Eilish,"WHEN WE ALL FALL ASLEEP, WHERE DO WE GO?",14,goodbye,3LgWsmilsrWXiPYQFRD0T7
YoungBoy Never Broke Again,AI YoungBoy 2,1,Carter Son,0QVvkAOstRG26pVYN95CeL
YoungBoy Never Broke Again,AI YoungBoy 2,2,Time I'm On,6vWzkhoAp1SF4PEJ0iLKYQ
YoungBoy Never Broke Again,AI YoungBoy 2,3,Hot Now,3eeyKNIBrt5TH4y0y3QkOu
YoungBoy Never Broke Again,AI YoungBoy 2,4,Seeming Like It,0eGvris9sYZMOsTMHT20Td
YoungBoy Never Broke Again,AI YoungBoy 2,5,Self Control,4vSoyDfL0uZyUoWu5NNNsQ
YoungBoy Never Broke Again,AI YoungBoy 2,6,Make No Sense,6klLvorLoo1sxvZcjJIY8I
YoungBoy Never Broke Again,AI YoungBoy 2,7,Rich As Hell,5A6tFAdihqILHJrWuR6wD4
YoungBoy Never Broke Again,AI YoungBoy 2,8,Slime Mentality,2m9axSosHP92250FvnnobM
YoungBoy Never Broke Again,AI YoungBoy 2,9,Head Blown,0qmWrPu7fiZSXvWfCZxcKl
YoungBoy Never Broke Again,AI YoungBoy 2,10,Ranada,4XlyD28tQ6qdqNS2BkE1AF
YoungBoy Never Broke Again,AI YoungBoy 2,11,Lonely Child,6xqZi5JTTk6XIMLvy7w5JJ
YoungBoy Never Broke Again,AI YoungBoy 2,12,Gang Shit,0igHhcoLY0yHVPHiPvGuXx
YoungBoy Never Broke Again,AI YoungBoy 2,13,Rebel's Kick It,3hYBu3LRhapDItoL2R5aK2
YoungBoy Never Broke Again,AI YoungBoy 2,14,Outta Here Safe (feat. Quando Rondo and NoCap),2qU7t8cV1fMVbDTUnZsxTV
YoungBoy Never Broke Again,AI YoungBoy 2,15,In Control,5IdAcHb4cwtexqMlOojWhR
YoungBoy Never Broke Again,AI YoungBoy 2,16,I Don't Know,58H5750cX5LquhcJ7TCHiO
YoungBoy Never Broke Again,AI YoungBoy 2,17,Where The Love At,540u3cwMqJ7IJrhQ9ikcON
YoungBoy Never Broke Again,AI YoungBoy 2,18,Free Time,3SiNNoV06PfsTbqMCwyBED
Summer Walker,Over It,1,Over It,0csmcZqM3uTKfjxehw0Lw2
Summer Walker,Over It,2,Body,7vxLj7MREliG5i5vSnqSVr
Summer Walker,Over It,3,Playing Games (with Bryson Tiller) - Extended Version,2xyx0o4xNOLLjBSbOOdcbA
Summer Walker,Over It,4,Drunk Dialing...LODT,0pzWCDSuVRX7m95EFOxVa0
Summer Walker,Over It,5,Come Thru (with Usher),3TTMUI5dFcbeNSDTTDY9M8
Summer Walker,Over It,6,Potential,4YNrBVo8fv6qiTNwHLVDai
Summer Walker,Over It,7,Fun Girl,78mXeWyY9ZEqOCkTl3nGfI
Summer Walker,Over It,8,Tonight,1qC6px1TOZgQFoTSOFUaBr
Summer Walker,Over It,9,Me,7pQAGG3OhXuYZrEh8nUCbi
Summer Walker,Over It,10,Like It (with 6LACK),4CNzuSQoL5jgCxzYmuMvcz
Summer Walker,Over It,11,Just Might (with PARTYNEXTDOOR),43IMaycr34ZR5kS8mlL5hH
Summer Walker,Over It,12,Stretch You Out (feat. A Boogie wit da Hoodie),4Qxn47gWPSucovKrMyRf1z
Summer Walker,Over It,13,Off Of You,0Q71rl68P5r53JkUpxDDto
Summer Walker,Over It,14,Anna Mae,09OeD94T28n7ku4RqPa6wZ
Summer Walker,Over It,15,I'll Kill You (feat. Jhené Aiko),7EkiMl81fUHVwpItgtzI4r
Summer Walker,Over It,16,Nobody Else,6eipQrmTw1N3nUfgLlEa2R
Summer Walker,Over It,17,Playing Games,4hWgC5BV5M7EtTleKVXNxw
Summer Walker,Over It,18,Girls Need Love (with Drake) - Remix,1axArDrl7n4M3QZMNN0XMs
DaBaby,KIRK,1,INTRO,77KMttn3Lic7ZQKDlPqp8v
DaBaby,KIRK,2,OFF THE RIP,3e39X4Q74yJzsYUEeyf4ws
DaBaby,KIRK,3,BOP,6Ozh9Ok6h4Oi1wUSLtBseN
DaBaby,KIRK,4,VIBEZ,0fySG6A6qLE8IvDpayb5bM
DaBaby,KIRK,5,POP STAR (feat. Kevin Gates),2TsD9kSbgYx5fSNRsoNURE
DaBaby,KIRK,6,"GOSPEL (feat. Chance The Rapper, Gucci Mane & YK Osiris)",0WoAkdHmgPmEXfiBox1flk
DaBaby,KIRK,7,iPHONE (with Nicki Minaj),3GX2hFAekmSduZzcS52OnR
DaBaby,KIRK,8,TOES (feat. Lil Baby & Moneybagg Yo),2FvD20Z8aoWIePi7PoN8sG
DaBaby,KIRK,9,REALLY (feat. Stunna 4 Vegas),7vxGCUPJhe0fXfBkwVPFcP
DaBaby,KIRK,10,PROLLY HEARD,0O7mJ0noFBLn8MMUJrFaF1
DaBaby,KIRK,11,RAW SHIT (feat. Migos),1CCDIow4pPYyJYzhtTUYz2
DaBaby,KIRK,12,THERE HE GO,0pegcONe6MuDQRoPCtCBRf
DaBaby,KIRK,13,XXL,4LH1gsNA3wUS6QKkGZoJN8
Young Thug,So Much Fun,1,Just How It Is,5KYhIFNTp4VQUqlsbLWTTu
Young Thug,So Much Fun,2,Sup Mate (feat. Future),0zNHMc1cGKe4MO5rtGtKRh
Young Thug,So Much Fun,3,Ecstasy (feat. Machine Gun Kelly),1yBbxDXEfr8boXM1ubvBHi
Young Thug,So Much Fun,4,Hot (feat. Gunna),5Z8HZM6iQMhhqyPcCGY5g9
Young Thug,So Much Fun,5,Light It Up,41mzryVlFLlz6b1BCtJAjx
Young Thug,So Much Fun,6,Surf (feat. Gunna),6igOR5QCn09zAVF2ikZjsV
Young Thug,So Much Fun,7,Bad Bad Bad (feat. Lil Baby),1GeNui6m825V8jP4uKiIaH
Young Thug,So Much Fun,8,Lil Baby,1MGWgLxUXDodD8Tw8TFppN
Young Thug,So Much Fun,9,What's the Move (feat. Lil Uzi Vert),3pTScODwk9tggZzmuH6xDY
Young Thug,So Much Fun,10,I Bought Her (feat. Lil Duke),7HPUVxJdwGMujRmstBlvp7
Young Thug,So Much Fun,11,Jumped Out the Window,0o7Zga5TFy35CcivyPDO5m
Young Thug,So Much Fun,12,I'm Scared (feat. 21 Savage & Doe Boy),3uW1lWgdTN494vIxu3R9Or
Young Thug,So Much Fun,13,Cartier Gucci Scarf (feat. Lil Duke),3TWSar7EBNWZVeEWqDSjpw
Young Thug,So Much Fun,14,Big Tipper (feat. Lil Keed),2lcJWXNJUjjL3ycoZrpU2g
Young Thug,So Much Fun,15,Pussy,5ZzQZcpwW7IyhKopLuoiwn
Young Thug,So Much Fun,16,Circle Of Bosses (feat. Quavo),5UmRDaMPkV6g2HVMWoKx8u
Young Thug,So Much Fun,17,Mannequin Challenge (feat. Juice WRLD),5TnLXSd4h6G06Fbt2ApOpa
Young Thug,So Much Fun,18,Boy Back (feat. NAV),369g3Kv6MXsl0wn7PNtWvO
Young Thug,So Much Fun,19,The London (feat. J. Cole & Travis Scott),3s4mrPrEFFPF0LmAfutW0n
Ed Sheeran,No.6 Collaborations Project,1,Beautiful People (feat. Khalid),70eFcWOvlMObDhURTqT4Fv
Ed Sheeran,No.6 Collaborations Project,2,South of the Border (feat. Camila Cabello & Cardi B),4vUmTMuQqjdnvlZmAH61Qk
Ed Sheeran,No.6 Collaborations Project,3,Cross Me (feat. Chance the Rapper & PnB Rock),4wuCQX7JvAZLlrcmH4AeZF
Ed Sheeran,No.6 Collaborations Project,4,Take Me Back to London (feat. Stormzy),1AI7UPw3fgwAFkvAlZWhE0
Ed Sheeran,No.6 Collaborations Project,5,Best Part of Me (feat. YEBBA),0VsGaRXR5WAzpu51unJTis
Ed Sheeran,No.6 Collaborations Project,6,I Don't Care (with Justin Bieber),0hVXuCcriWRGvwMV1r5Yn9
Ed Sheeran,No.6 Collaborations Project,7,Antisocial (with Travis Scott),1DhRbox3xkceP64k3JeYfW
Ed Sheeran,No.6 Collaborations Project,8,Remember The Name (feat. Eminem & 50 Cent),0AtP8EkGPn6SwxKDaUuXec
Ed Sheeran,No.6 Collaborations Project,9,Feels (feat. Young Thug & J Hus),1Bdptrvb7nQkq8kCw3siE9
Ed Sheeran,No.6 Collaborations Project,10,Put It All on Me (feat. Ella Mai),5T03itPFOPGGkvVPvPiyla
Ed Sheeran,No.6 Collaborations Project,11,Nothing On You (feat. Paulo Londra & Dave),2qRN7PWiHRLprw4FpDeI9N
Ed Sheeran,No.6 Collaborations Project,12,I Don't Want Your Money (feat. H.E.R.),3FHXUqaUer9o231Je1zxIN
Ed Sheeran,No.6 Collaborations Project,13,1000 Nights (feat. Meek Mill & A Boogie Wit da Hoodie),4vIKzWqtn44umal5jXq4wE
Ed Sheeran,No.6 Collaborations Project,14,Way To Break My Heart (feat. Skrillex),5d1rmWWF1725tnYjq6rMDB
Ed Sheeran,No.6 Collaborations Project,15,BLOW (with Chris Stapleton & Bruno Mars),7hvO2qCwJVZxiyoA7c9i5d
Doja Cat,Hot Pink,1,Cyber Sex,1ghvzmzpx2nnrbx7wtpMgo
Doja Cat,Hot Pink,2,Won't Bite (feat. Smino),7k51pIqTGEHHZOnpI11Qq2
Doja Cat,Hot Pink,3,Rules,1TMWcbxL5YF8rKsFHv5hAP
Doja Cat,Hot Pink,4,Bottom Bitch,1L0z2CQKrKJ2spYSMkfim9
Doja Cat,Hot Pink,5,Say So,3Dv1eDb0MEgF93GpLXlucZ
Doja Cat,Hot Pink,6,Like That (feat. Gucci Mane),4EivmOT13NMpNSfTKn9p4s
Doja Cat,Hot Pink,7,Talk Dirty,1j6NZFHrpc09YmEZuSlmwf
Doja Cat,Hot Pink,8,Addiction,2OAcH9SD8ehxuG0tWNe0cU
Doja Cat,Hot Pink,9,Streets,60ynsPSSKe6O3sfwRnIBRf
Doja Cat,Hot Pink,10,Shine,5xIDCYGTyLaDkiaaulVPcJ
Doja Cat,Hot Pink,11,Better Than Me,1ZiJGdjNtvgngdT3wRKVqS
Doja Cat,Hot Pink,12,Juicy,7f5trao56t7sB7f14QDTmp
Travis Scott,ASTROWORLD,1,STARGAZING,7wBJfHzpfI3032CSD7CE2m
Travis Scott,ASTROWORLD,2,CAROUSEL,7KZ5MMVgBVox9ycroB2UrI
Travis Scott,ASTROWORLD,3,SICKO MODE,2xLMifQCjDGFmkHkpNLD9h
Travis Scott,ASTROWORLD,4,R.I.P. SCREW,4SZepBIPDRwPaHIjAKwRDb
Travis Scott,ASTROWORLD,5,STOP TRYING TO BE GOD,1xYpVRspgaLxdJLOTQkTjg
Travis Scott,ASTROWORLD,6,NO BYSTANDERS,6OaVWaGfhXn70ZJfdVcabn
Travis Scott,ASTROWORLD,7,SKELETONS,6NMtzpDQBTOfJwMzgMX0zl
Travis Scott,ASTROWORLD,8,WAKE UP,20MuVazoNMv6xjKPnRFOxG
Travis Scott,ASTROWORLD,9,5% TINT,11kDth1aKUEUMq9r1pqyds
Travis Scott,ASTROWORLD,10,NC-17,6BJbOXDlgVAXSaq6wYFYT2
Travis Scott,ASTROWORLD,11,ASTROTHUNDER,4MXhiYIRDMGAuvZc5IFTwC
Travis Scott,ASTROWORLD,12,YOSEMITE,7lAK3oHbfEnvUQWosrMMpR
Travis Scott,ASTROWORLD,13,CAN'T SAY,27a1mYSG5tYg7dmEjWBcmL
Travis Scott,ASTROWORLD,14,WHO? WHAT!,4KYS9GK68yeuUJ8vJfPxrq
Travis Scott,ASTROWORLD,15,BUTTERFLY EFFECT,2cYqizR4lgvp4Qu6IQ3qGN
Travis Scott,ASTROWORLD,16,HOUSTONFORNICATION,58TaFP5j5i9swOf584yon2
Travis Scott,ASTROWORLD,17,COFFEE BEAN,6vnfObZ4Ys70SBAtti1xZ9
Ariana Grande,"thank u, next",1,imagine,39LmTF9RgyakzSYX8txrow
Ariana Grande,"thank u, next",2,needy,1TEL6MlSSVLSdhOSddidlJ
Ariana Grande,"thank u, next",3,NASA,4uTvPEr01pjTbZgl7jcKBD
Ariana Grande,"thank u, next",4,bloodline,2hloaUoRonYssMuqLCBLTX
Ariana Grande,"thank u, next",5,fake smile,3wFLWP0FcIqHK1wb1CPthQ
Ariana Grande,"thank u, next",6,bad idea,5Il6Oe7lr5XM7A0cWbVQtr
Ariana Grande,"thank u, next",7,make up,27356GVuMPFWiJSZCragoM
Ariana Grande,"thank u, next",8,ghostin,2vdBo4ALPYbHRUPKgtE5iC
Ariana Grande,"thank u, next",9,in my head,4T652DlATVHe0jdLKaN3Bw
Ariana Grande,"thank u, next",10,7 rings,6ocbgoVGwYJhOv1GgI9NsF
Ariana Grande,"thank u, next",11,"thank u, next",3e9HZxeyfWwjeyPAMmWSSQ
Ariana Grande,"thank u, next",12,"break up with your girlfriend, i'm bored",4kV4N9D1iKVxx1KLvtTpjS
Juice WRLD,Goodbye & Good Riddance,1,Intro,7LoWAhcGbxSkT6trTqXQR6
Juice WRLD,Goodbye & Good Riddance,2,All Girls Are The Same,4VXIryQMWpIdGgYR4TrjT1
Juice WRLD,Goodbye & Good Riddance,3,Lucid Dreams,285pBltuF7vW8TeWk8hdRR
Juice WRLD,Goodbye & Good Riddance,4,Wasted (feat. Lil Uzi Vert),1a7WZZZH7LzyvorhpOJFTe
Juice WRLD,Goodbye & Good Riddance,5,Armed And Dangerous,5wujBwqG7INdStqGd4tRMX
Juice WRLD,Goodbye & Good Riddance,6,Black & White,1fCeXjoRExPP2qwSBh2aST
Juice WRLD,Goodbye & Good Riddance,7,Lean Wit Me,3oDkdAySo1VQQG0ptV7uwa
Juice WRLD,Goodbye & Good Riddance,8,I'll Be Fine,0INehbMZOFPnaPBAjK97i3
Juice WRLD,Goodbye & Good Riddance,9,Used To,0WZFN4E8HrmGUU0EMyKQ8c
Juice WRLD,Goodbye & Good Riddance,10,Candles,1wa6QQsdSE3X2GbRljGpFk
Juice WRLD,Goodbye & Good Riddance,11,Scared Of Love,49QVOdWgGagzLrThkIqtK6
Juice WRLD,Goodbye & Good Riddance,12,Hurt Me,3XRQT7EoS4U87rUuJwg5P3
Juice WRLD,Goodbye & Good Riddance,13,I'm Still,19m3E0nMZobyA93AxMXC32
Juice WRLD,Goodbye & Good Riddance,14,End Of The Road,24BNgrtp6Fag4M5BQPEgsV
Juice WRLD,Goodbye & Good Riddance,15,Long Gone,17Cs25j5Ui6X6W4Hk1kAyC
Juice WRLD,Goodbye & Good Riddance,16,Betrayal - Skit,1p7DC2sFe7aJdO1RZdO3tC
Juice WRLD,Goodbye & Good Riddance,17,Karma - Skit,4TlZtoFcV9fKSxs3RVy9Td
J Balvin,OASIS,1,MOJAITA,71pEiUWwfDFiRO6RmFpnBf
J Balvin,OASIS,2,YO LE LLEGO,0uIfrUwwg0Z7KTitul7E3T
J Balvin,OASIS,3,CUIDAO POR AHÍ,6SYSu569pfYdkDT9A5lZqi
J Balvin,OASIS,4,QUE PRETENDES,25ZAibhr3bdlMCLmubZDVt
J Balvin,OASIS,5,LA CANCIÓN,0fea68AdmYNygeTGI4RC18
J Balvin,OASIS,6,UN PESO,7hynhxDoDpgMIV12JuVtNa
J Balvin,OASIS,7,ODIO,7alOsNr36sJ8CyOEP4aILq
J Balvin,OASIS,8,COMO UN BEBÉ,7knLcYCOSaURD0d7HUULFM
Lewis Capaldi,Divinely Uninspired To A Hellish Extent,1,Grace,0pEkK8MqbmGSX7fT8WLMbR
Lewis Capaldi,Divinely Uninspired To A Hellish Extent,2,Bruises,4Of7rzpRpV1mWRbhp5rAqG
Lewis Capaldi,Divinely Uninspired To A Hellish Extent,3,Hold Me While You Wait,60iSKGrGazRzICtMjADNSM
Lewis Capaldi,Divinely Uninspired To A Hellish Extent,4,Someone You Loved,7qEHsqek33rTcFNT9PFqLf
Lewis Capaldi,Divinely Uninspired To A Hellish Extent,5,Maybe,5HU2B0yEnvg5EUB8FWeoda
Lewis Capaldi,Divinely Uninspired To A Hellish Extent,6,Forever,12OLyHDxt6dqlAybSPFBK3
Lewis Capaldi,Divinely Uninspired To A Hellish Extent,7,One,5C1TucCRf4Vjjree1OItyv
Lewis Capaldi,Divinely Uninspired To A Hellish Extent,8,Don't Get Me Wrong,4QGHin0gSqzPrPJhPU5gWn
Lewis Capaldi,Divinely Uninspired To A Hellish Extent,9,Hollywood,5uGjeXi3epIE8N2ITkxIQ5
Lewis Capaldi,Divinely Uninspired To A Hellish Extent,10,Lost On You,6glNKSv2aUtfQhe1SJBZZt
Lewis Capaldi,Divinely Uninspired To A Hellish Extent,11,Fade,6r2tV58enH9E8hj2oqoJNK
Lewis Capaldi,Divinely Uninspired To A Hellish Extent,12,Headspace,4RtlhOoWNO5ReUwdmTdTcG
Tom Walker,What a Time To Be Alive,1,Angels,17moZfj5Aj64AvQSZTQda5
Tom Walker,What a Time To Be Alive,2,Leave a Light On,4iVVU8DyQvOVsKafv3KWIF
Tom Walker,What a Time To Be Alive,3,Not Giving In,3dv1R3JLvC1ZNhWHKBYDTk
Tom Walker,What a Time To Be Alive,4,How Can You Sleep at Night?,2GqmEB1nvaeimGCPiTxiWY
Tom Walker,What a Time To Be Alive,5,Now You're Gone (feat. Zara Larsson),2oVoSgGAlog02WQ2pLCxcT
Tom Walker,What a Time To Be Alive,6,My Way,5e3vokINVx2oxBaEDPvhig
Tom Walker,What a Time To Be Alive,7,Blessings,6yD3n3LtoOPRi3lw1UW5Rx
Tom Walker,What a Time To Be Alive,8,Cry Out,6MMeRmARHA1XQ8KE0t8qGY
Tom Walker,What a Time To Be Alive,9,Dominoes,5oqRk7bDgrJu2WKWn1M9g9
Tom Walker,What a Time To Be Alive,10,Fade Away,2ACoyK6t8MYwWI3G0WTV6r
Tom Walker,What a Time To Be Alive,11,Just You and I - Acoustic,1vkUmedJVhScV9MmRsLGSY
Tom Walker,What a Time To Be Alive,12,The Show,6eVdSa13MsnpSYeGRDIdJx
Tom Walker,What a Time To Be Alive,13,Walk Alone (feat. Tom Walker),3ufz3mIRCz1T84G4sXySk7
Tom Walker,What a Time To Be Alive,14,Just You and I,03x2rVJRFUrvwlfxoHd9Mo
Westlife,Spectrum,1,Hello My Love,3gGFpZEBUrDT0pGAhStavU
Westlife,Spectrum,2,Better Man,34D9vWLSPmxD1c3yx3wUAu
Westlife,Spectrum,3,My Blood,0TLy9ayqpf1F6nsqeDQijN
Westlife,Spectrum,4,Dynamite,6oJk6XKSuQ2VP1hdC3aYaJ
Westlife,Spectrum,5,Dance,1tAa5IIFju43JC1uxEgo97
Westlife,Spectrum,6,One Last Time,46t32pQpf5pqxBXCZnD3Sg
Westlife,Spectrum,7,Take Me There,7EL8Pbhl62THxZyd6GlqgJ
Westlife,Spectrum,8,Repair,3QMTYT5FJqBtXrtPkzgNjJ
Westlife,Spectrum,9,Without You,7qVPMW91L6DqrVgjguclvk
Westlife,Spectrum,10,L.O.V.E.,1SMmphjWLXwhLy9MigtOuB
Westlife,Spectrum,11,Another Life,1j8daMcREb9EXhO4MCfLLA
Lady Antebellum,Ocean,1,What If I Never Get Over You,0qkdE1C0ufnUISKwhg8Wh6
Lady Antebellum,Ocean,2,Pictures,7BLWdDxt4ex0EZPjfdaclZ
Lady Antebellum,Ocean,3,Crazy Love,5VcyXfhkKevhs5KE0ScQI0
Lady Antebellum,Ocean,4,You Can Do You,5dKWu8yEy5LBP4qbeWofyq
Lady Antebellum,Ocean,5,What I’m Leaving For,2w2H7la1WRX5GSLCdXQDDd
Lady Antebellum,Ocean,6,Be Patient With My Love,1yCRV7UIVTuhlDKWnbu7MI
Lady Antebellum,Ocean,7,Alright,6kztrxG3HUvtCAFouEQaS4
Lady Antebellum,Ocean,8,Let It Be Love,5g8XPVkkoWsE00JEKXzrJ4
Lady Antebellum,Ocean,9,On A Night Like This,0MmDFasVJjaZu3p8KlRvRZ
Lady Antebellum,Ocean,10,Boots,1rfGnqYVbyWvZWCwylzNZT
Lady Antebellum,Ocean,11,The Thing That Wrecks You,6o2P8nIA5PNWggvohN2cjU
Lady Antebellum,Ocean,12,Mansion,4anMp1snWhpCRzxWObDzRZ
Lady Antebellum,Ocean,13,Ocean,5G6Nf4Ytk3dzxnhfP2AhKR
TOOL,Fear Inoculum,1,Fear Inoculum,39zWYYZStDgWi32sOU9AX4
TOOL,Fear Inoculum,2,Pneuma,03sEzk1VyrUZSgyhoQR0LZ
TOOL,Fear Inoculum,3,Litanie contre la Peur,4qE9yOgBNsARadpZTAb6RH
TOOL,Fear Inoculum,4,Invincible,2xKDKtJBLDPd7BF3VmSQQO
TOOL,Fear Inoculum,5,Legion Inoculant,48C0O5CXfQdfjUCUhOs1YP
TOOL,Fear Inoculum,6,Descending,0aTiUssEOy0Mt69bsavj6K
TOOL,Fear Inoculum,7,Culling Voices,3gPxMQWDMSEyPXMtzbcDdQ
TOOL,Fear Inoculum,8,Chocolate Chip Trip,3VcEEhf6NL8oq2e1IxFUVM
TOOL,Fear Inoculum,9,7empest,0gGfmw4csswZmFPj9YK8GW
TOOL,Fear Inoculum,10,Mockingbeat,5aDylkK93g6SvfTPJTXq4L
Miranda Lambert,Wildcard,1,White Trash,4mNGnREngXygZbdwHy9Ymp
Miranda Lambert,Wildcard,2,Mess with My Head,3pOYCVZaunOdjHaf5LhiV6
Miranda Lambert,Wildcard,3,It All Comes Out in the Wash,41FLEFSeRCv19OBn0vLiaH
Miranda Lambert,Wildcard,4,Settling Down,53bZYxVbCYm6w1Gx8U64bz
Miranda Lambert,Wildcard,5,Holy Water,1donTJoEmUwcjAO3LgZxBN
Miranda Lambert,Wildcard,6,Way Too Pretty for Prison (with Maren Morris),6ZShReTf4SiT7LYXnRCks0
Miranda Lambert,Wildcard,7,Locomotive,6x1mY23VCOpjiBMD4RIiD0
Miranda Lambert,Wildcard,8,Bluebird,0kPeZAyIhIfeZNrtfjJGDB
Miranda Lambert,Wildcard,9,How Dare You Love,5qtcOwTDcRlMYlBa2r4qQQ
Miranda Lambert,Wildcard,10,Fire Escape,0yOKjGIjYTr61rB7xnE6Xm
Miranda Lambert,Wildcard,11,Pretty Bitchin',5IhAJUu8ZEKOezGFaMeEmO
Miranda Lambert,Wildcard,12,Tequila Does,2fmHMSaIadDzLPT4Im3Mze
Miranda Lambert,Wildcard,13,Track Record,2Z1TiQY4mkYi9CIQPjFpO0
Miranda Lambert,Wildcard,14,Dark Bars,6lw1PJUAjUQFuUk7j4OipI
Madonna,Madame X (Deluxe),1,Medellín (with Maluma),6mfu6jyFgvnXeTPQrYNs8d
Madonna,Madame X (Deluxe),2,Dark Ballet,4fxz9qgPY0L2EWsbmj5N5j
Madonna,Madame X (Deluxe),3,God Control,1g1KZTgP2crk4QMOIZXlcA
Madonna,Madame X (Deluxe),4,Future (with Quavo),5IQgTY3f8ZeRW8o7cyFMX5
Madonna,Madame X (Deluxe),5,Batuka,35skCNkwwEQIgJCSncfbBe
Madonna,Madame X (Deluxe),6,Killers Who Are Partying,68vWLW3xY35CHvYS2Sn55Q
Madonna,Madame X (Deluxe),7,Crave (with Swae Lee),3DTq6oxUWv20TEKQO9IVF3
Madonna,Madame X (Deluxe),8,Crazy,3Y6bCKPrsrKRSo8sg6PuL3
Madonna,Madame X (Deluxe),9,Come Alive,6hHPBnTvgBjmJoUowLa23S
Madonna,Madame X (Deluxe),10,Extreme Occident,6yUMDlOJja7g0zdEtb6TeP
Madonna,Madame X (Deluxe),11,Faz Gostoso (feat. Anitta),2SC14LGDbRWRlyLg9Wupa0
Madonna,Madame X (Deluxe),12,Bitch I’m Loca (feat. Maluma),4EoMHVpNZTLVfAIgYzfufZ
Madonna,Madame X (Deluxe),13,I Don’t Search I Find,6RwkmsgTmxUK2TziYWqlqL
Madonna,Madame X (Deluxe),14,Looking For Mercy,1MyVadO3ei1DGHVbDowQGv
Madonna,Madame X (Deluxe),15,I Rise,7utnsT1Zjty7H3sO46vpt8
"Tyler, The Creator",IGOR,1,IGOR'S THEME,51RN0kzWd7xeR4th5HsEtW
"Tyler, The Creator",IGOR,2,EARFQUAKE,5hVghJ4KaYES3BFUATCYn0
"Tyler, The Creator",IGOR,3,I THINK,4f8Mh5wuWHOsfXtzjrJB3t
"Tyler, The Creator",IGOR,4,EXACTLY WHAT YOU RUN FROM YOU END UP CHASING,5e4LIAQI0bClLazNf2gZV0
"Tyler, The Creator",IGOR,5,RUNNING OUT OF TIME,5QvBXUm5MglLJ3iBfTX2Wo
"Tyler, The Creator",IGOR,6,NEW MAGIC WAND,0fv2KH6hac06J86hBUTcSf
"Tyler, The Creator",IGOR,7,A BOY IS A GUN*,1nXZnTALNXiPlvXotqHm66
"Tyler, The Creator",IGOR,8,PUPPET,0wEC0GNF74lAqrEFZJMl1m
"Tyler, The Creator",IGOR,9,WHAT'S GOOD,6bOkaEXc5CopinGazSLokx
"Tyler, The Creator",IGOR,10,"GONE, GONE / THANK YOU",1hz7SRTGUNAtIQ46qiNv2p
"Tyler, The Creator",IGOR,11,I DON'T LOVE YOU ANYMORE,5A0M6B0RBSXSNWv0wcppZ9
"Tyler, The Creator",IGOR,12,ARE WE STILL FRIENDS?,5TxRUOsGeWeRl3xOML59Ai
Logic,Confessions of a Dangerous Mind,1,Confessions of a Dangerous Mind,6yIGZp1AaFBoDczu3b4hVU
Logic,Confessions of a Dangerous Mind,2,Homicide (feat. Eminem),7M2tXmeS15NAzEn7ABFeBg
Logic,Confessions of a Dangerous Mind,3,Wannabe,3ur6bQ6Jb17tskma4euqZd
Logic,Confessions of a Dangerous Mind,4,clickbait,2i3D8AJiOYTVCkIu1cOpsH
Logic,Confessions of a Dangerous Mind,5,Mama/Show Love (feat. YBN Cordae),760VYgBLbNyEJp4jLa0CZ6
Logic,Confessions of a Dangerous Mind,6,Out Of Sight,15qVraQOI2EjZPPM05YGBS
Logic,Confessions of a Dangerous Mind,7,Pardon My Ego,6H35Djes2GNU7shF0c822Y
Logic,Confessions of a Dangerous Mind,8,COMMANDO (feat. G-Eazy),4p28KkjAQ16J3yF8PQHJVg
Logic,Confessions of a Dangerous Mind,9,Icy (feat. Gucci Mane),2FzgbCcszptrQpdJOr2Soi
Logic,Confessions of a Dangerous Mind,10,Still Ballin (feat. Wiz Khalifa),199Dz9IgqKekyiRy3LBnHn
Logic,Confessions of a Dangerous Mind,11,Cocaine,6P9RfMi5rmtu6CmBVZSCAP
Logic,Confessions of a Dangerous Mind,12,Limitless,20EmzsRBgZSEVbZWp0fqtx
Logic,Confessions of a Dangerous Mind,13,Keanu Reeves,3PYx9Wte3jwb48V0wArMOy
Logic,Confessions of a Dangerous Mind,14,Don't Be Afraid To Be Different (feat. Will Smith),4jdLb7N6U6tmyynmu6PPRM
Logic,Confessions of a Dangerous Mind,15,BOBBY (feat. My Dad),2K2b3pVT5LLDxzz1Vy4bHb
Logic,Confessions of a Dangerous Mind,16,Lost In Translation,4Tk9QvtwwOj2Ah9E8ahutZ
P!nk,Hurts 2B Human,1,Hustle,6BVmygBQhe4pTZQgKkzstD
P!nk,Hurts 2B Human,2,(Hey Why) Miss You Sometime,0l6lfl4PcrbPmBE08I6zp2
P!nk,Hurts 2B Human,3,Walk Me Home,2N9bw4i7YitdN2LDDhMmpe
P!nk,Hurts 2B Human,4,My Attic,6nRMtv1fSqT16RqxM4Xh8H
P!nk,Hurts 2B Human,5,90 Days (feat. Wrabel),0mknlibAARXVk3d8pafTUg
P!nk,Hurts 2B Human,6,Hurts 2B Human (feat. Khalid),6G28azuVVwYBOmmkGPQFa3
P!nk,Hurts 2B Human,7,Can We Pretend (feat. Cash Cash),68t9p1qXaslaaxk4xhTd4m
P!nk,Hurts 2B Human,8,Courage,5v0YtR9YIeAf0NoG0V1982
P!nk,Hurts 2B Human,9,Happy,6xG7t7blddozpBf3S5we1O
P!nk,Hurts 2B Human,10,We Could Have It All,2MGm3sknsqRwDwQVUGSJZo
P!nk,Hurts 2B Human,11,Love Me Anyway (feat. Chris Stapleton),0pwdJLLVxlJa1lnR9UeMZY
P!nk,Hurts 2B Human,12,Circle Game,0kjarPlpe1PpBJskSaEDwT
P!nk,Hurts 2B Human,13,The Last Song Of Your Life,5pxZaep4BX0wLn4BYnfTgE
Vampire Weekend,Father of the Bride,1,Hold You Now (feat. Danielle Haim),15E2P2ToSLNnZvcOEQra6a
Vampire Weekend,Father of the Bride,2,Harmony Hall,39exKIvycQDgs4T6uXdyu0
Vampire Weekend,Father of the Bride,3,Bambina,528bxUV84T4T8HHBFSpcaV
Vampire Weekend,Father of the Bride,4,This Life,4dRqYKhLVujxiBXcq50YzG
Vampire Weekend,Father of the Bride,5,Big Blue,3VORkvig6GJheAu4x3I3oC
Vampire Weekend,Father of the Bride,6,How Long?,5jd6XPyXSY4jQVG3SlXP1b
Vampire Weekend,Father of the Bride,7,Unbearably White,2FjoCQaBoiEKs3FCvD0HkR
Vampire Weekend,Father of the Bride,8,Rich Man,2WaaqcSdsLliuWTnmY4rLC
Vampire Weekend,Father of the Bride,9,Married in a Gold Rush (feat. Danielle Haim),4Ww4jdVXTyvSnryNTtReRJ
Vampire Weekend,Father of the Bride,10,My Mistake,2G5ZpNvgSOOcBCpLcOfvJy
Vampire Weekend,Father of the Bride,11,Sympathy,2YegRTu9IjiUg4VWfnXyM3
Vampire Weekend,Father of the Bride,12,Sunflower (feat. Steve Lacy),53KFMdxzi8IJDewiql1Qo3
Vampire Weekend,Father of the Bride,13,Flower Moon (feat. Steve Lacy),3ujuDsiyBLAXAB6dtNwpGu
Vampire Weekend,Father of the Bride,14,2021,6UryEVkqPDLliZOG4UmFi9
Vampire Weekend,Father of the Bride,15,We Belong Together (feat. Danielle Haim),1MkiAWVcbxZ7NzMuAuWqJS
Vampire Weekend,Father of the Bride,16,Stranger,5c2fEICoqVYuTjAGEieB2F
Vampire Weekend,Father of the Bride,17,Spring Snow,1ze0Z3ZnIDITxj13NRok4z
Vampire Weekend,Father of the Bride,18,"Jerusalem, New York, Berlin",7lQgoAWAFAo0XW7dW2TL1y
Thomas Rhett,Center Point Road,1,Up,2aXXhuiXh0OcpyZVFJthCg
Thomas Rhett,Center Point Road,2,Don’t Threaten Me With A Good Time,0UsEU29nx7wcyNEsGIA6qc
Thomas Rhett,Center Point Road,3,Blessed,3hhSnbFhuGnXieFa1ql61R
Thomas Rhett,Center Point Road,4,Look What God Gave Her,2KqJC0koTBUyDlsMt5ok1V
Thomas Rhett,Center Point Road,5,Center Point Road,7p9zIciejn8GXnsRdG9EQR
Thomas Rhett,Center Point Road,6,That Old Truck,0kjnvAqQvdjN69aDTGlceq
Thomas Rhett,Center Point Road,7,VHS,5hsnjHTK4f3DlVHWOUHYC2
Thomas Rhett,Center Point Road,8,Notice,6YviFs2g3bKgqCTq4CFWAm
Thomas Rhett,Center Point Road,9,Sand,0MPP9NPe5C7dBCdXyRB9ie
Thomas Rhett,Center Point Road,10,Beer Can’t Fix,7idmHTAQQPUFqdjXkoooXD
Thomas Rhett,Center Point Road,11,Things You Do For Love,7ycXmXGCFOexpvlIaAgiga
Thomas Rhett,Center Point Road,12,Remember You Young,3LK6wDkhbTyg8GhJidU9oC
Thomas Rhett,Center Point Road,13,Don’t Stop Drivin’,6FwNBb0kdxiKYLJR1cfZu1
Thomas Rhett,Center Point Road,14,Barefoot,6ryhhSGlWOJe7ypTXWdCLG
Thomas Rhett,Center Point Road,15,Dream You Never Had,1HGhRqBz4D53D6VwOlBtCu
Thomas Rhett,Center Point Road,16,Almost,0CKt2RA2gYQqUKejm0Rq0m
NF,The Search,1,The Search,3oLe5ZILASG8vU5dxIMfLY
NF,The Search,2,Leave Me Alone,3EtyEzMpfKSaoVhPunvbRV
NF,The Search,3,Change,4cBlIM5AjnQ74f52Dv7T5K
NF,The Search,4,My Stress,0aQA9DP54h37OevE7hRc2a
NF,The Search,5,Nate,1SDtZ69uALD5zW8k9S8hTf
NF,The Search,6,Time,6MxMqCgqmekcr0VwSU7AVH
NF,The Search,7,Returns,2uEuo87JC9tc1dzmPUtOxj
NF,The Search,8,When I Grow Up,5rLyYxZNzca00ENADO9m54
NF,The Search,9,Only,5lehoWkVPujeOAwb8BO0uK
NF,The Search,10,Let Me Go,2PqSOrlabozEH6KXs7BvQr
NF,The Search,11,-Interlude-,4NAOU1fKvpPtLwtR2rUfFP
NF,The Search,12,Hate Myself,5PdEiev2BkKiZtZFcNKjfM
NF,The Search,13,I Miss The Days,3ebfDw8WEbf0DxGh47R2lo
NF,The Search,14,No Excuses,7ssFG94tZHpX9vbIFM0GVH
NF,The Search,15,Like This,5b1uZnebDRcR8XuBsDTPiO
NF,The Search,16,Options,1Q3HtTFGxjmEljAw7Y0CaR
NF,The Search,17,WHY,7yNgSAuwbDJcdRNrBDtKPq
NF,The Search,18,Thinking,4KIIzdrFS4U21IeaMTATDi
NF,The Search,19,Trauma,0cHAXbQfTlBIJrzIOW8kUv
NF,The Search,20,Time - Edit,1gZFRYcPz3wKevEaNYRwfW
SuperM,SuperM - The 1st Mini Album,1,Jopping,5WrEilrRI5cIW0DxMvQYPZ
SuperM,SuperM - The 1st Mini Album,2,I Can't Stand The Rain,0ls2ZkYJcDBVLZGvtzp4Qc
SuperM,SuperM - The 1st Mini Album,3,2 Fast,5U3DWGGD8mFYcDhoMxpQPD
SuperM,SuperM - The 1st Mini Album,4,Super Car,3PqUAwpVHXr3GOCAL22mfo
SuperM,SuperM - The 1st Mini Album,5,No Manners,3dJecOICXVH0e9oDU6wDyN
SuperM,SuperM - The 1st Mini Album,6,Jopping - Instrumental,1hzldmpJRCLQ9X2mmKt5p6
SuperM,SuperM - The 1st Mini Album,7,I Can't Stand The Rain - Instrumental,20T1LexVZKEIM2zmLbZyvd
Slipknot,We Are Not Your Kind,1,Insert Coin,5Oca13ac6cZ0hwZAs1SXse
Slipknot,We Are Not Your Kind,2,Unsainted,5mpUKTdskZea0gStWzeHUZ
Slipknot,We Are Not Your Kind,3,Birth Of The Cruel,7I6p0xNYahHpUUXj785URX
Slipknot,We Are Not Your Kind,4,Death Because of Death,2YkDmUfSC7bZpH3DHvvuxh
Slipknot,We Are Not Your Kind,5,Nero Forte,56fiFTRrSiHHH3gBeaTg2P
Slipknot,We Are Not Your Kind,6,Critical Darling,3XFaGEb6daqdj39ThpJ2XI
Slipknot,We Are Not Your Kind,7,A Liar's Funeral,4wOgNWU6Y6mixNZcimJqDv
Slipknot,We Are Not Your Kind,8,Red Flag,4SsgF844NGbl7UFcymqWKy
Slipknot,We Are Not Your Kind,9,What's Next,5Alg8C9HBdmTqzo6n3Itvn
Slipknot,We Are Not Your Kind,10,Spiders,3ViTZxW9satrTEMRu1GCLV
Slipknot,We Are Not Your Kind,11,Orphan,0ipTpoDQ06S5iI4RRQFQjx
Slipknot,We Are Not Your Kind,12,My Pain,1ZGOCNA6FyUWENWHYhjEzl
Slipknot,We Are Not Your Kind,13,Not Long for This World,06AojtTNdRQ1fB80VbB1g2
Slipknot,We Are Not Your Kind,14,Solway Firth,6WCkyaVmut83CtBFEUhDo4
Hozier,"Wasteland, Baby!",1,Nina Cried Power (feat. Mavis Staples),4rcSvYi807urIIqfeX3tBo
Hozier,"Wasteland, Baby!",2,Almost (Sweet Music),5Apvsk0suoivI1H8CmBglv
Hozier,"Wasteland, Baby!",3,Movement,1djzKW3eYLyzjjHXazEWWh
Hozier,"Wasteland, Baby!",4,No Plan,4byXh93siQtzKLdjKuJaAF
Hozier,"Wasteland, Baby!",5,Nobody,69WkwzVjQS4Dc8QQtpz0qM
Hozier,"Wasteland, Baby!",6,To Noise Making (Sing),5in02YJDTkdfKDQjfsvxYp
Hozier,"Wasteland, Baby!",7,As It Was,4xEHlCgoKd4RdrS79OPn9y
Hozier,"Wasteland, Baby!",8,Shrike,083PU4XnYAOMAGVruma3vb
Hozier,"Wasteland, Baby!",9,Talk,6ctlpLPyLH3R1V16fxoOWE
Hozier,"Wasteland, Baby!",10,Be,7hfi4ZTfV7akmGINh6qYCF
Hozier,"Wasteland, Baby!",11,Dinner & Diatribes,5tCtCqWcXBf7eoIunSxlO8
Hozier,"Wasteland, Baby!",12,Would That I,37zuIvk4KBkAxxLJsxJaHq
Hozier,"Wasteland, Baby!",13,Sunlight,4zvvvHm0b5CBl37tocxm7n
Hozier,"Wasteland, Baby!",14,"Wasteland, Baby!",1HYnjKqSSHh1tdl2Hi57zH
Dreamville,Revenge Of The Dreamers III,1,Under The Sun (with J. Cole & Lute feat. DaBaby),6MF4tRr5lU8qok8IKaFOBE
Dreamville,Revenge Of The Dreamers III,2,"Down Bad (feat. JID, Bas, J. Cole, EARTHGANG & Young Nudy)",36J0iaPDGbYGsHvYpaYs3k
Dreamville,Revenge Of The Dreamers III,3,LamboTruck (with Cozz feat. REASON & Childish Major),1OS9fNE87zO4Z696lBXriv
Dreamville,Revenge Of The Dreamers III,4,"Swivel (with EARTHGANG) - From The Upcoming Album ""Mirrorland""",03XfngWwNfhEjrnEga73Rg
Dreamville,Revenge Of The Dreamers III,5,"Oh Wow...Swerve (with J. Cole feat. Zoink Gang, KEY! & Maxo Kream)",7wxDKfgFtRTbupcG4xDhtj
Dreamville,Revenge Of The Dreamers III,6,"Don't Hit Me Right Now (with Bas & Cozz feat. Yung Baby Tate, Guapdad 4000 & Buddy)",4ChD9wq9iakg5UdeSzmgPE
Dreamville,Revenge Of The Dreamers III,7,Wells Fargo (with JID & EARTHGANG feat. Buddy & Guapdad 4000) - Interlude,2gtFMLjQpCTGekMi4oXZxN
Dreamville,Revenge Of The Dreamers III,8,Sleep Deprived (with Lute & Omen feat. Mez & DaVionne),6n3q5ybuUQFT97ddyuxsFh
Dreamville,Revenge Of The Dreamers III,9,Self Love (with Ari Lennox & Bas feat. Baby Rose),7dnSXaCjLdFiWZa8s5wP1n
Dreamville,Revenge Of The Dreamers III,10,"Ladies, Ladies, Ladies (with JID feat. T.I.)",3QBnJDkME3teXvf52Sfslk
Dreamville,Revenge Of The Dreamers III,11,"Costa Rica (with Bas & JID feat. Guapdad 4000, Reese LAFLARE, Jace, Mez, Smokepurpp, Buddy & Ski Mask The Slump God)",5WnfnSpuNEGXyEt78PBA6d
Dreamville,Revenge Of The Dreamers III,12,"1993 (with J. Cole, JID, Cozz & EARTHGANG feat. Smino & Buddy)",1KbCc89SxYma4BnBChkJBs
Dreamville,Revenge Of The Dreamers III,13,Rembrandt...Run It Back (with JID & J. Cole feat. Vince Staples),2DjLLLV2r88a8TO0hVTVrS
Dreamville,Revenge Of The Dreamers III,14,Sunset (with J. Cole feat. Young Nudy),3pZO6GoVPeSYDxxsH6vCdj
Dreamville,Revenge Of The Dreamers III,15,Got Me (with Ari Lennox & Omen feat. Ty Dolla $ign & Dreezy),4nw0S8MtvcLSpXCS9M8ciL
Dreamville,Revenge Of The Dreamers III,16,MIDDLE CHILD,2b5scDVCDxVsLalecDLAo2
Dreamville,Revenge Of The Dreamers III,17,"PTSD (with Omen feat. Mereba, Deante' Hitchcock & St. Beauty)",5KUciA17ZXudpvWAc3mLHs
Dreamville,Revenge Of The Dreamers III,18,Sacrifices (with EARTHGANG & J. Cole feat. Smino & Saba),7wTA0NKIm6T7nP2kaymU2a
Bryan Adams,Shine A Light,1,Shine A Light,5Op9PcisNc0oGnS4dysmbu
Bryan Adams,Shine A Light,2,That’s How Strong Our Love Is,0ulowZLPw2b7Y5D4iOpyIr
Bryan Adams,Shine A Light,3,"Part Friday Night, Part Sunday Morning",2R26TTA5lF2rw26SY4DIaZ
Bryan Adams,Shine A Light,4,Driving Under The Influence Of Love,5VeJgtWmwpzhTkPPbO0jrD
Bryan Adams,Shine A Light,5,All Or Nothing,0KcmruzlIbN7S3U71heYU7
Bryan Adams,Shine A Light,6,No Time For Love,6nUC2Uvaggfk8P4w85TfGL
Bryan Adams,Shine A Light,7,I Could Get Used To This,7BnhpoLXwI5ApsTGCOnIHI
Bryan Adams,Shine A Light,8,Talk To Me,5rVAxn5Vxgu1Au9z1wWRAz
Bryan Adams,Shine A Light,9,The Last Night On Earth,1qKub3rN0rEFu8YinP6497
Bryan Adams,Shine A Light,10,Nobody’s Girl,32LyLbterLHDDNOrsPHZ1Z
Bryan Adams,Shine A Light,11,Don’t Look Back,0Ld0d1Y0NNes6WtJ3iejU8
Bryan Adams,Shine A Light,12,Whiskey In The Jar,5IjcZB2ulQYI9fOzsK7YVr
Backstreet Boys,DNA,1,Don't Go Breaking My Heart,1E3ghCAkxEdT5KHVBwArr3
Backstreet Boys,DNA,2,Nobody Else,2iK6RzhARWY8A6YlYPYksZ
Backstreet Boys,DNA,3,Breathe,5QQKkakSDzALyAO0GmxzJ6
Backstreet Boys,DNA,4,New Love,5KFceiKcXDIXfGwv33fjWc
Backstreet Boys,DNA,5,Passionate,2TAZgy6a9ZL2jEFPvzN91i
Backstreet Boys,DNA,6,Is It Just Me,7dEztoOcmsafZLM2GSPbna
Backstreet Boys,DNA,7,Chances,1D0suElatoKurOqJBol7JV
Backstreet Boys,DNA,8,No Place,4sHjA9mrxPE5J58LkJyPDO
Backstreet Boys,DNA,9,Chateau,2yedRoI0ixMxQSyHE0q1Jq
Backstreet Boys,DNA,10,The Way It Was,6xBmy4aV5qQvoeP8R9ned9
Backstreet Boys,DNA,11,Just Like You Like It,6aiPCXgBPxlGvOQjyJaGrx
Backstreet Boys,DNA,12,OK,4imGMWOcc7VPhFJV0HxW3R
Carly Rae Jepsen,Dedicated,1,Julien,3NNTVLeuYUGWsCTAxMNzdw
Carly Rae Jepsen,Dedicated,2,No Drug Like Me,7ieJUN4W9DF7zHJD8iHGDJ
Carly Rae Jepsen,Dedicated,3,Now That I Found You,33dIG1MOzoUVgiMm0UQSgm
Carly Rae Jepsen,Dedicated,4,Want You In My Room,2wDL38wQrMzed4yNyXa8q2
Carly Rae Jepsen,Dedicated,5,Everything He Needs,4NPfq7vvHnIkf6ozcVxv7q
Carly Rae Jepsen,Dedicated,6,Happy Not Knowing,3lVr0PAeoEgDogOMCZ9ID7
Carly Rae Jepsen,Dedicated,7,I'll Be Your Girl,6EUVNYKRJKjnggJSxMOsHU
Carly Rae Jepsen,Dedicated,8,Too Much,0DW2IvEdL1qOPgwuhZjzXu
Carly Rae Jepsen,Dedicated,9,The Sound,4Q6QxfGaQFF2rZoyzsg0sR
Carly Rae Jepsen,Dedicated,10,Automatically In Love,1a9OLucyHv96HMpbh50XVc
Carly Rae Jepsen,Dedicated,11,Feels Right,39UEe541jS0RVwE6D9Nh3j
Carly Rae Jepsen,Dedicated,12,Right Words Wrong Time,3OeRHXvkX8GaMP54hcVlEm
Carly Rae Jepsen,Dedicated,13,Real Love,4vH19H4DpYLzVJD7SiYfzX
Carly Rae Jepsen,Dedicated,14,For Sure,6MJQ8Er8SX1cacmTW5AVe9
Carly Rae Jepsen,Dedicated,15,Party For One,6M6M9Hc0MhBn36yswsPTbd
American Football,American Football (LP3),1,Silhouettes,0UNYe8hW45WCqrTOXylPY6
American Football,American Football (LP3),2,Every Wave To Ever Rise (feat. Elizabeth Powell),143HQnW8tYRwkqDEL2SJpx
American Football,American Football (LP3),3,Uncomfortably Numb (feat. Hayley Williams),03k5XShK3FRSfDJq1zvYsB
American Football,American Football (LP3),4,Heir Apparent,1IslZs9FYFhwH7mQ9C0Yt0
American Football,American Football (LP3),5,Doom In Full Bloom,1Huw5CJAw3eBPUIqpjcYQj
American Football,American Football (LP3),6,I Can't Feel You (feat. Rachel Goswell),3ItJYqkJnc2QygOyt1wk5y
American Football,American Football (LP3),7,Mine To Miss,2txHuVrbEXEQ8LrZx4vIes
American Football,American Football (LP3),8,Life Support,7CS0pEg5T1NLzMVyOo7Uad
Angel Olsen,All Mirrors,1,Lark,13rEyddPoVpxXWWv2aTjqo
Angel Olsen,All Mirrors,2,All Mirrors,5Zcry3zaBmgJrtQ78XEJQf
Angel Olsen,All Mirrors,3,Too Easy,7kFiu7h1Dlbx4DjQznA5MJ
Angel Olsen,All Mirrors,4,New Love Cassette,4SsWVvNKAHJP1T2bP6d2ut
Angel Olsen,All Mirrors,5,Spring,0jTPjP9WuUcNMhgfwdK9np
Angel Olsen,All Mirrors,6,What It Is,5KUEcs3C38RfOdiDQNclTk
Angel Olsen,All Mirrors,7,Impasse,5I5AhylroXKC0ggLMdTRgl
Angel Olsen,All Mirrors,8,Tonight,35cBgI0peRDZhmRGHVfqZb
Angel Olsen,All Mirrors,9,Summer,3pnbP5m1OP0ZDmVR0bAY4l
Angel Olsen,All Mirrors,10,Endgame,3OL2ngf19YzNjsTPgwkPDp
Angel Olsen,All Mirrors,11,Chance,7opNeF3sAdxQH6Qu6P8p6p
The Black Keys,"""Let's Rock""",1,Shine A Little Light,365TSrFPqM66giaxJuafR3
The Black Keys,"""Let's Rock""",2,Eagle Birds,7Dd1v8u05vTL3py8d1a5ZA
The Black Keys,"""Let's Rock""",3,Lo/Hi,25YlltWXRb9k7KbrEBRuhJ
The Black Keys,"""Let's Rock""",4,Walk Across The Water,5AEyKKiz6YPTLR7EDFLqMS
The Black Keys,"""Let's Rock""",5,Tell Me Lies,2scIG4pnqvCStKHTZiWB0V
The Black Keys,"""Let's Rock""",6,Every Little Thing,4l8f1sX5rJyUphT1PfG98v
The Black Keys,"""Let's Rock""",7,Get Yourself Together,4AjBIRQNZDDVB0MrGlQHvB
The Black Keys,"""Let's Rock""",8,Sit Around And Miss You,4yBxXm4dDL00YGdO5G9ubK
The Black Keys,"""Let's Rock""",9,Go,2GuXIMRlaxVLcU0a5jacHw
The Black Keys,"""Let's Rock""",10,Breaking Down,4s7DGDyfSty3AS71Xrtt1D
The Black Keys,"""Let's Rock""",11,Under The Gun,7cO2S4l7b9Rtn5MqPHXTJU
The Black Keys,"""Let's Rock""",12,Fire Walk With Me,0UfkJ92b6D2CLHygzn8C6k
